period,n_months,n_obs_total,alpha_monthly,alpha_annual,alpha_t,alpha_p,lambda_monthly,lambda_annual,lambda_t,lambda_p,avg_firms_per_month
Full Sample (1993-2024),383,1467354,0.009248227521641271,0.11097873025969526,3.0477377427767376,0.002305710575698704,-0.013081894417425114,-0.15698273300910137,-0.7691168505495527,0.44182394577136974,3831.2114882506526
Post-9/11 Crisis (2001-2003),28,122580,0.021072280637035513,0.2528673676444262,1.408015467121523,0.15912649006923896,-0.03221005538178251,-0.3865206645813901,-0.17519251931654217,0.8609283621520315,4377.857142857143
Iraq War (2003-2006),46,193424,0.01996089906580279,0.2395307887896335,2.3707249031799185,0.017753239280866005,0.06123582398347487,0.7348298878016984,1.2662984926229035,0.20540623642886902,4204.869565217391
Calm Period (2010-2015),72,240856,0.010910168636314062,0.13092202363576874,2.1296163317672474,0.03320330160166815,-0.030682687589068173,-0.3681922510688181,-1.710773050203733,0.08712301640151437,3345.222222222222
Recent Crisis (2022-2024),36,118476,-0.001371630291532369,-0.016459563498388428,-0.19020621530827395,0.8491475409189271,-0.1320255530958824,-1.584306637150589,-2.1419865008021404,0.03219456832519202,3291.0
